district,year,area (000 acres),production (000 tons),yield (mds/acre),area (000 hectares),yield (kg/hectare),source_file,yield_quintal_per_acre_govt,rainfall_mm,avg_temperature_celsius,sunlight_hours_per_day,nitrogen_n_kg_per_acre,phosphorus_p_kg_per_acre,potassium_k_kg_per_acre,soil_type,crop_duration_days,irrigation_frequency_per_month,pest_control_applied,seed_variety
BAHAWALPUR DIV:,2020-21,517.0,16193.96,783.0,209.21,77395.0,Final Kharif Estimates 2020-2021,313.2,1230,31.7,8.2,163,60,76,Alluvial,371,3,0,Co86032
Bahawalnagar,2020-21,35.0,1048.6,749.0,14.16,74034.0,Final Kharif Estimates 2020-2021,299.6,915,27.4,7.1,112,43,56,Sandy Loam,327,4,1,CoM0265
Bahawalpur,2020-21,52.0,1574.56,757.0,21.04,74825.0,Final Kharif Estimates 2020-2021,302.8,950,28.1,7.2,120,45,60,Red Soil,330,2,1,Co0238
Bhakkar,2020-21,80.0,2089.6,653.0,32.37,64545.0,Final Kharif Estimates 2020-2021,261.2,820,26.6,6.8,102,40,51,Sandy Loam,321,5,1,Co86032
Chiniot,2020-21,112.0,3570.56,797.0,45.32,78779.0,Final Kharif Estimates 2020-2021,318.8,1000,28.4,7.4,125,46,61,Red Soil,335,2,1,Co0238
D.G. KHAN DIV:,2020-21,301.0,9488.92,788.0,121.8,77889.0,Final Kharif Estimates 2020-2021,315.2,1200,31.5,8.1,160,60,75,Alluvial,370,3,0,Co86032
D.G. Khan,2020-21,22.0,595.76,677.0,8.9,66917.0,Final Kharif Estimates 2020-2021,270.8,820,26.6,6.8,102,40,51,Sandy Loam,321,5,1,Co86032
FAISALABAD DIV:,2020-21,561.0,16468.92,734.0,227.04,72551.0,Final Kharif Estimates 2020-2021,293.6,915,27.4,7.1,112,43,56,Sandy Loam,327,4,1,CoM0265
Faisalabad,2020-21,213.0,6364.44,747.0,86.22,73836.0,Final Kharif Estimates 2020-2021,298.8,915,27.4,7.1,112,43,56,Sandy Loam,327,4,1,CoM0265
GUJRANWALA DIV:,2020-21,88.0,2132.24,606.0,35.61,59899.0,Final Kharif Estimates 2020-2021,242.4,1070,29.1,7.4,132,48,63,Red Soil,342,2,0,CoM0265
Gujranwala,2020-21,3.0,71.04,592.0,1.21,58516.0,Final Kharif Estimates 2020-2021,236.8,1070,29.1,7.4,132,48,63,Red Soil,342,2,0,CoM0265
Gujrat,2020-21,7.0,127.12,454.0,2.83,44875.0,Final Kharif Estimates 2020-2021,181.6,920,27.5,7.1,115,43,58,Sandy Loam,328,4,0,Co0238
Hafizabad,2020-21,13.0,351.0,675.0,5.26,66720.0,Final Kharif Estimates 2020-2021,270.0,820,26.6,6.8,102,40,51,Sandy Loam,321,5,1,Co86032
Jhang,2020-21,152.0,4097.92,674.0,61.51,66621.0,Final Kharif Estimates 2020-2021,269.6,820,26.6,6.8,102,40,51,Sandy Loam,321,5,1,Co86032
Kasur,2020-21,53.0,1371.64,647.0,21.45,63952.0,Final Kharif Estimates 2020-2021,258.8,820,26.6,6.8,102,40,51,Sandy Loam,321,5,1,Co86032
Khanewal,2020-21,16.0,387.84,606.0,6.47,59899.0,Final Kharif Estimates 2020-2021,242.4,1070,29.1,7.4,132,48,63,Red Soil,342,2,0,CoM0265
Khushab,2020-21,16.0,401.92,628.0,6.47,62074.0,Final Kharif Estimates 2020-2021,251.2,820,26.6,6.8,102,40,51,Sandy Loam,321,5,1,Co86032
LAHORE DIV:,2020-21,85.0,2221.88,653.0,34.4,64545.0,Final Kharif Estimates 2020-2021,261.2,820,26.6,6.8,102,40,51,Sandy Loam,321,5,1,Co86032
Lahore,2020-21,2.0,52.0,650.0,0.81,64249.0,Final Kharif Estimates 2020-2021,260.0,820,26.6,6.8,102,40,51,Sandy Loam,321,5,1,Co86032
Layyah,2020-21,44.0,1189.76,676.0,17.81,66819.0,Final Kharif Estimates 2020-2021,270.4,820,26.6,6.8,102,40,51,Sandy Loam,321,5,1,Co86032
Lodhran,2020-21,12.0,334.08,696.0,4.86,68795.0,Final Kharif Estimates 2020-2021,278.4,860,26.9,6.9,106,41,53,Sandy Loam,323,5,1,Co0238
M.B. Din,2020-21,56.0,1391.04,621.0,22.67,61382.0,Final Kharif Estimates 2020-2021,248.4,820,26.6,6.8,102,40,51,Sandy Loam,321,5,1,Co86032
MULTAN DIV:,2020-21,76.0,2128.08,700.0,30.76,69191.0,Final Kharif Estimates 2020-2021,280.0,865,27.0,6.9,107,41,53,Sandy Loam,323,5,1,Co0238
Mianwali,2020-21,11.0,299.2,680.0,4.45,67214.0,Final Kharif Estimates 2020-2021,272.0,830,26.7,6.8,103,40,52,Sandy Loam,321,5,1,Co86032
Multan,2020-21,6.0,162.96,679.0,2.43,67115.0,Final Kharif Estimates 2020-2021,271.6,830,26.7,6.8,103,40,52,Sandy Loam,321,5,1,Co86032
Muzaffargarh,2020-21,125.0,3695.0,739.0,50.58,73046.0,Final Kharif Estimates 2020-2021,295.6,915,27.4,7.1,112,43,56,Sandy Loam,327,4,1,CoM0265
Nankana Sahib,2020-21,24.0,640.32,667.0,9.71,65929.0,Final Kharif Estimates 2020-2021,266.8,820,26.6,6.8,102,40,51,Sandy Loam,321,5,1,Co86032
Narowal,2020-21,4.0,67.04,419.0,1.62,41416.0,Final Kharif Estimates 2020-2021,167.6,920,27.5,7.1,115,43,58,Sandy Loam,328,4,0,Co0238
Okara,2020-21,25.0,623.0,623.0,10.12,61580.0,Final Kharif Estimates 2020-2021,249.2,820,26.6,6.8,102,40,51,Sandy Loam,321,5,1,Co86032
PUNJAB,2020-21,1920.0,57000.2,742.0,776.98,73342.0,Final Kharif Estimates 2020-2021,296.8,915,27.4,7.1,112,43,56,Sandy Loam,327,4,1,CoM0265
Pakpattan,2020-21,4.0,99.04,619.0,1.62,61184.0,Final Kharif Estimates 2020-2021,247.6,1070,29.1,7.4,132,48,63,Red Soil,342,2,0,CoM0265
Rahim Yar Khan,2020-21,430.0,13570.8,789.0,174.01,77988.0,Final Kharif Estimates 2020-2021,315.6,1200,31.5,8.1,160,60,75,Alluvial,370,3,0,Co86032
Rajan Pur,2020-21,110.0,4008.4,911.0,44.51,90047.0,Final Kharif Estimates 2020-2021,364.4,1360,30.6,7.9,146,53,68,Red Soil,356,2,1,Co86032
SAHIWAL DIV:,2020-21,37.0,934.2,631.0,14.98,62371.0,Final Kharif Estimates 2020-2021,252.4,820,26.6,6.8,102,40,51,Sandy Loam,321,5,1,Co86032
SARGODHA DIV:,2020-21,255.0,7432.0,729.0,103.18,72057.0,Final Kharif Estimates 2020-2021,291.6,915,27.4,7.1,112,43,56,Sandy Loam,327,4,1,CoM0265
Sahiwal,2020-21,8.0,212.16,663.0,3.24,65534.0,Final Kharif Estimates 2020-2021,265.2,820,26.6,6.8,102,40,51,Sandy Loam,321,5,1,Co86032
Sargodha,2020-21,148.0,4641.28,784.0,59.89,77494.0,Final Kharif Estimates 2020-2021,313.6,1230,31.7,8.2,163,60,76,Alluvial,371,3,0,Co86032
Sheikhupura,2020-21,6.0,157.92,658.0,2.43,65039.0,Final Kharif Estimates 2020-2021,263.2,820,26.6,6.8,102,40,51,Sandy Loam,321,5,1,Co86032
Sialkot,2020-21,5.0,125.0,625.0,2.02,61778.0,Final Kharif Estimates 2020-2021,250.0,820,26.6,6.8,102,40,51,Sandy Loam,321,5,1,Co86032
T.T. Singh,2020-21,84.0,2436.0,725.0,33.99,71662.0,Final Kharif Estimates 2020-2021,290.0,910,27.3,7.0,111,42,56,Sandy Loam,326,4,1,CoM0265
Vehari,2020-21,42.0,1243.2,740.0,17.0,73145.0,Final Kharif Estimates 2020-2021,296.0,915,27.4,7.1,112,43,56,Sandy Loam,327,4,1,CoM0265
BAHAWALPUR DIV:,2021-22,587.0,,849.0,237.54,,Final Kharif Estimates 2021-22,339.6,1170,29.7,7.7,137,50,64,Red Soil,347,2,1,Co86032
Bahawalnagar,2021-22,36.0,,673.0,14.57,,Final Kharif Estimates 2021-22,269.2,820,26.6,6.8,102,40,51,Sandy Loam,321,5,1,Co86032
Bahawalpur,2021-22,60.0,,649.0,24.28,,Final Kharif Estimates 2021-22,259.6,820,26.6,6.8,102,40,51,Sandy Loam,321,5,1,Co86032
Bhakkar,2021-22,87.0,,734.0,35.21,,Final Kharif Estimates 2021-22,293.6,915,27.4,7.1,112,43,56,Sandy Loam,327,4,1,CoM0265
Chiniot,2021-22,120.0,,750.0,48.56,,Final Kharif Estimates 2021-22,300.0,915,27.4,7.1,112,43,56,Sandy Loam,327,4,1,CoM0265
D.G. Khan,2021-22,25.0,,770.0,10.12,,Final Kharif Estimates 2021-22,308.0,950,28.1,7.2,120,45,60,Red Soil,330,2,1,Co0238
D.G.KHAN DIV:,2021-22,334.0,,754.0,135.17,,Final Kharif Estimates 2021-22,301.6,950,28.1,7.2,120,45,60,Red Soil,330,2,1,Co0238
FAISALABAD DIV:,2021-22,620.0,,723.0,250.9,,Final Kharif Estimates 2021-22,289.2,900,27.2,7.0,110,42,55,Sandy Loam,325,4,1,CoM0265
Faisalabad,2021-22,230.0,,691.0,93.08,,Final Kharif Estimates 2021-22,276.4,850,26.8,6.9,105,41,52,Sandy Loam,322,5,1,Co0238
GUJRANWALA DIV:,2021-22,102.0,,544.0,,,Final Kharif Estimates 2021-22,217.6,1050,28.9,7.3,130,48,62,Red Soil,340,2,0,CoM0265
Gujranwala,2021-22,3.0,,586.0,1.21,,Final Kharif Estimates 2021-22,234.4,1070,29.1,7.4,132,48,63,Red Soil,342,2,0,CoM0265
Gujrat,2021-22,8.0,,424.0,3.24,,Final Kharif Estimates 2021-22,169.6,920,27.5,7.1,115,43,58,Sandy Loam,328,4,0,Co0238
Hafizabad,2021-22,16.0,,607.0,6.47,,Final Kharif Estimates 2021-22,242.8,1070,29.1,7.4,132,48,63,Red Soil,342,2,0,CoM0265
Jhang,2021-22,174.0,,769.0,70.41,,Final Kharif Estimates 2021-22,307.6,950,28.1,7.2,120,45,60,Red Soil,330,2,1,Co0238
Kasur,2021-22,60.0,,568.0,24.28,,Final Kharif Estimates 2021-22,227.2,1070,29.1,7.4,132,48,63,Red Soil,342,2,0,CoM0265
Khanewal,2021-22,18.0,,700.0,7.28,,Final Kharif Estimates 2021-22,280.0,865,27.0,6.9,107,41,53,Sandy Loam,323,5,1,Co0238
Khushab,2021-22,18.0,,592.0,7.28,,Final Kharif Estimates 2021-22,236.8,1070,29.1,7.4,132,48,63,Red Soil,342,2,0,CoM0265
LAHORE DIV:,2021-22,95.0,,591.0,38.45,,Final Kharif Estimates 2021-22,236.4,1070,29.1,7.4,132,48,63,Red Soil,342,2,0,CoM0265
Lahore,2021-22,2.0,,617.0,0.81,,Final Kharif Estimates 2021-22,246.8,1070,29.1,7.4,132,48,63,Red Soil,342,2,0,CoM0265
Layyah,2021-22,44.0,,645.0,17.81,,Final Kharif Estimates 2021-22,258.0,820,26.6,6.8,102,40,51,Sandy Loam,321,5,1,Co86032
Lodhran,2021-22,12.0,,760.0,4.86,,Final Kharif Estimates 2021-22,304.0,950,28.1,7.2,120,45,60,Red Soil,330,2,1,Co0238
M.B.Din,2021-22,65.0,,552.0,26.3,,Final Kharif Estimates 2021-22,220.8,1050,28.9,7.3,130,48,62,Red Soil,340,2,0,CoM0265
MULTAN DIV:,2021-22,85.0,,705.0,34.4,,Final Kharif Estimates 2021-22,282.0,880,27.0,7.0,108,41,54,Sandy Loam,324,5,1,Co86032
Mianwali,2021-22,13.0,,679.0,5.26,,Final Kharif Estimates 2021-22,271.6,830,26.7,6.8,103,40,52,Sandy Loam,321,5,1,Co86032
Multan,2021-22,10.0,,675.0,4.05,,Final Kharif Estimates 2021-22,270.0,820,26.6,6.8,102,40,51,Sandy Loam,321,5,1,Co86032
Muzaffargarh,2021-22,,,733.0,52.61,,Final Kharif Estimates 2021-22,293.2,915,27.4,7.1,112,43,56,Sandy Loam,327,4,1,CoM0265
NORTH PUNJAB,2021-22,1142.0,,697.0,462.13,,Final Kharif Estimates 2021-22,278.8,860,26.9,6.9,106,41,53,Sandy Loam,323,5,1,Co0238
Nankana Sahib,2021-22,26.0,,635.0,10.53,,Final Kharif Estimates 2021-22,254.0,820,26.6,6.8,102,40,51,Sandy Loam,321,5,1,Co86032
Narowal,2021-22,4.0,,368.0,1.62,,Final Kharif Estimates 2021-22,147.2,920,27.5,7.1,115,43,58,Sandy Loam,328,4,0,Co0238
Okara,2021-22,32.0,,780.0,12.95,,Final Kharif Estimates 2021-22,312.0,1220,31.6,8.2,162,60,75,Alluvial,371,3,0,Co86032
Pakpattan,2021-22,5.0,,558.0,2.02,,Final Kharif Estimates 2021-22,223.2,1060,29.0,7.4,131,48,62,Red Soil,341,2,0,CoM0265
R.Y. Khan,2021-22,491.0,,886.0,198.69,,Final Kharif Estimates 2021-22,354.4,1680,32.3,8.6,195,72,88,Clay Loam,390,4,0,Co0238
Rajan Pur,2021-22,135.0,,807.0,54.63,,Final Kharif Estimates 2021-22,322.8,1010,28.5,7.4,126,47,61,Red Soil,336,2,1,Co0238
SAHIWAL DIV:,2021-22,47.0,,717.0,19.02,,Final Kharif Estimates 2021-22,286.8,895,27.2,7.0,110,42,55,Sandy Loam,325,5,1,Co86032
SARGODHA DIV:,2021-22,278.0,,728.0,112.5,,Final Kharif Estimates 2021-22,291.2,910,27.3,7.0,111,42,56,Sandy Loam,326,4,1,CoM0265
SOUTH PUNJAB,2021-22,1006.0,,805.0,407.12,,Final Kharif Estimates 2021-22,322.0,1010,28.5,7.4,126,47,61,Red Soil,336,2,1,Co0238
Sahiwal,2021-22,10.0,,595.0,4.05,,Final Kharif Estimates 2021-22,238.0,1070,29.1,7.4,132,48,63,Red Soil,342,2,0,CoM0265
Sargodha,2021-22,160.0,,744.0,64.75,,Final Kharif Estimates 2021-22,297.6,915,27.4,7.1,112,43,56,Sandy Loam,327,4,1,CoM0265
Sheikhupura,2021-22,7.0,,612.0,2.83,,Final Kharif Estimates 2021-22,244.8,1070,29.1,7.4,132,48,63,Red Soil,342,2,0,CoM0265
Sialkot,2021-22,6.0,,539.0,2.43,,Final Kharif Estimates 2021-22,215.6,1050,28.9,7.3,130,48,62,Red Soil,340,2,0,CoM0265
T.T. Singh,2021-22,96.0,,685.0,38.85,,Final Kharif Estimates 2021-22,274.0,835,26.8,6.8,104,41,52,Sandy Loam,322,5,1,Co86032
THE PUNJAB,2021-22,2148.0,,748.0,869.25,,Final Kharif Estimates 2021-22,299.2,915,27.4,7.1,112,43,56,Sandy Loam,327,4,1,CoM0265
Vehari,2021-22,45.0,,699.0,18.21,,Final Kharif Estimates 2021-22,279.6,865,27.0,6.9,107,41,53,Sandy Loam,323,5,1,Co0238
BAHAWALPUR DIV:,2022-23,631.0,20088.0,796.0,255.35,78669.0,Final Kharif Estimates 2022-23,318.4,1000,28.4,7.4,125,46,61,Red Soil,335,2,1,Co0238
Bahawalnagar,2022-23,38.0,1100.0,724.0,15.38,71563.0,Final Kharif Estimates 2022-23,289.6,910,27.3,7.0,111,42,56,Sandy Loam,326,4,1,CoM0265
Bahawalpur,2022-23,58.0,1482.0,639.0,23.47,63161.0,Final Kharif Estimates 2022-23,255.6,820,26.6,6.8,102,40,51,Sandy Loam,321,5,1,Co86032
Bhakkar,2022-23,109.0,2860.0,656.0,44.11,64842.0,Final Kharif Estimates 2022-23,262.4,820,26.6,6.8,102,40,51,Sandy Loam,321,5,1,Co86032
Chiniot,2022-23,168.0,4953.0,737.0,67.99,72848.0,Final Kharif Estimates 2022-23,294.8,915,27.4,7.1,112,43,56,Sandy Loam,327,4,1,CoM0265
D.G. KHAN DIV:,2022-23,346.0,9962.0,720.0,140.02,71145.0,Final Kharif Estimates 2022-23,288.0,900,27.2,7.0,110,42,55,Sandy Loam,325,4,1,CoM0265
D.G. Khan,2022-23,24.0,712.0,742.0,9.71,73342.0,Final Kharif Estimates 2022-23,296.8,915,27.4,7.1,112,43,56,Sandy Loam,327,4,1,CoM0265
FAISALABAD DIV:,2022-23,719.0,20688.0,719.0,290.97,71100.0,Final Kharif Estimates 2022-23,287.6,895,27.2,7.0,110,42,55,Sandy Loam,325,5,1,Co86032
Faisalabad,2022-23,226.0,6409.0,709.0,91.46,70080.0,Final Kharif Estimates 2022-23,283.6,890,27.1,7.0,109,42,55,Sandy Loam,325,5,1,Co86032
GUJRANWALA DIV:,2022-23,15.0,319.0,532.0,6.07,52612.0,Final Kharif Estimates 2022-23,212.8,1050,28.9,7.3,130,48,62,Red Soil,340,2,0,CoM0265
GUJRAT DIV:,2022-23,81.0,1837.0,567.0,32.78,56056.0,Final Kharif Estimates 2022-23,226.8,1070,29.1,7.4,132,48,63,Red Soil,342,2,0,CoM0265
Gujranwala,2022-23,2.0,45.0,560.0,0.81,55353.0,Final Kharif Estimates 2022-23,224.0,1060,29.0,7.4,131,48,62,Red Soil,341,2,0,CoM0265
Gujrat,2022-23,7.0,120.0,429.0,2.83,42404.0,Final Kharif Estimates 2022-23,171.6,920,27.5,7.1,115,43,58,Sandy Loam,328,4,0,Co0238
Hafizabad,2022-23,12.0,396.0,824.0,4.86,81447.0,Final Kharif Estimates 2022-23,329.6,1150,29.5,7.6,135,49,63,Red Soil,345,2,1,Co86032
Jhang,2022-23,235.0,6806.0,724.0,95.1,71563.0,Final Kharif Estimates 2022-23,289.6,910,27.3,7.0,111,42,56,Sandy Loam,326,4,1,CoM0265
Kasur,2022-23,58.0,1329.0,573.0,23.47,56638.0,Final Kharif Estimates 2022-23,229.2,1070,29.1,7.4,132,48,63,Red Soil,342,2,0,CoM0265
Khanewal,2022-23,16.0,473.0,739.0,6.47,73046.0,Final Kharif Estimates 2022-23,295.6,915,27.4,7.1,112,43,56,Sandy Loam,327,4,1,CoM0265
Khushab,2022-23,17.0,375.0,552.0,6.88,54562.0,Final Kharif Estimates 2022-23,220.8,1050,28.9,7.3,130,48,62,Red Soil,340,2,0,CoM0265
LAHORE DIV:,2022-23,97.0,2322.0,599.0,39.25,59160.0,Final Kharif Estimates 2022-23,239.6,1070,29.1,7.4,132,48,63,Red Soil,342,2,0,CoM0265
Lahore,2022-23,1.0,24.0,606.0,0.4,59899.0,Final Kharif Estimates 2022-23,242.4,1070,29.1,7.4,132,48,63,Red Soil,342,2,0,CoM0265
Layyah,2022-23,45.0,1147.0,637.0,18.21,62964.0,Final Kharif Estimates 2022-23,254.8,820,26.6,6.8,102,40,51,Sandy Loam,321,5,1,Co86032
Lodhran,2022-23,9.0,327.0,909.0,3.64,89849.0,Final Kharif Estimates 2022-23,363.6,1360,30.6,7.9,146,53,68,Red Soil,356,2,1,Co86032
M.B.Din,2022-23,62.0,1322.0,533.0,25.09,52684.0,Final Kharif Estimates 2022-23,213.2,1050,28.9,7.3,130,48,62,Red Soil,340,2,0,CoM0265
MULTAN DIV:,2022-23,77.0,2266.0,736.0,31.16,72735.0,Final Kharif Estimates 2022-23,294.4,915,27.4,7.1,112,43,56,Sandy Loam,327,4,1,CoM0265
Mianwali,2022-23,14.0,392.0,700.0,5.67,69191.0,Final Kharif Estimates 2022-23,280.0,865,27.0,6.9,107,41,53,Sandy Loam,323,5,1,Co0238
Multan,2022-23,10.0,260.0,650.0,4.05,64249.0,Final Kharif Estimates 2022-23,260.0,820,26.6,6.8,102,40,51,Sandy Loam,321,5,1,Co86032
Muzzafargargh,2022-23,145.0,4159.0,717.0,58.68,70871.0,Final Kharif Estimates 2022-23,286.8,895,27.2,7.0,110,42,55,Sandy Loam,325,5,1,Co86032
NORTH PUNJAB,2022-23,1264.0,34616.0,685.0,511.5,67674.0,Final Kharif Estimates 2022-23,274.0,835,26.8,6.8,104,41,52,Sandy Loam,322,5,1,Co86032
Nankana Sahib,2022-23,32.0,829.0,648.0,12.95,64051.0,Final Kharif Estimates 2022-23,259.2,820,26.6,6.8,102,40,51,Sandy Loam,321,5,1,Co86032
Narowal,2022-23,5.0,86.0,432.0,2.02,42701.0,Final Kharif Estimates 2022-23,172.8,920,27.5,7.1,115,43,58,Sandy Loam,328,4,0,Co0238
Okara,2022-23,28.0,1150.0,1027.0,11.33,101513.0,Final Kharif Estimates 2022-23,410.8,1100,30.2,7.8,150,55,70,Clay Loam,360,4,1,CoM0265
PUNJAB,2022-23,2318.0,66932.0,722.0,938.0,71354.0,Final Kharif Estimates 2022-23,288.8,900,27.2,7.0,110,42,55,Sandy Loam,325,4,1,CoM0265
Pakpattan,2022-23,5.0,122.0,611.0,2.02,60394.0,Final Kharif Estimates 2022-23,244.4,1070,29.1,7.4,132,48,63,Red Soil,342,2,0,CoM0265
Rahim Yar Khan,2022-23,535.0,17505.0,818.0,216.5,80854.0,Final Kharif Estimates 2022-23,327.2,1020,28.6,7.5,127,47,62,Red Soil,337,2,1,Co0238
Rajan Pur,2022-23,132.0,3944.0,747.0,53.42,73836.0,Final Kharif Estimates 2022-23,298.8,915,27.4,7.1,112,43,56,Sandy Loam,327,4,1,CoM0265
SAHIWAL DIV:,2022-23,42.0,1504.0,895.0,16.99,88484.0,Final Kharif Estimates 2022-23,358.0,1690,32.4,8.6,196,73,89,Clay Loam,391,4,0,Co0238
SARGODHA DIV:,2022-23,310.0,7946.0,641.0,125.45,63336.0,Final Kharif Estimates 2022-23,256.4,820,26.6,6.8,102,40,51,Sandy Loam,321,5,1,Co86032
SOUTH PUNJAB,2022-23,1054.0,32316.0,767.0,426.5,75766.0,Final Kharif Estimates 2022-23,306.8,950,28.1,7.2,120,45,60,Red Soil,330,2,1,Co0238
Sahiwal,2022-23,9.0,231.0,643.0,3.64,63557.0,Final Kharif Estimates 2022-23,257.2,820,26.6,6.8,102,40,51,Sandy Loam,321,5,1,Co86032
Sargodha,2022-23,170.0,4318.0,635.0,68.79,62766.0,Final Kharif Estimates 2022-23,254.0,820,26.6,6.8,102,40,51,Sandy Loam,321,5,1,Co86032
Sheikhupura,2022-23,6.0,139.0,580.0,2.43,57330.0,Final Kharif Estimates 2022-23,232.0,1070,29.1,7.4,132,48,63,Red Soil,342,2,0,CoM0265
Sialkot,2022-23,8.0,188.0,588.0,3.24,58120.0,Final Kharif Estimates 2022-23,235.2,1070,29.1,7.4,132,48,63,Red Soil,342,2,0,CoM0265
T.T. Singh,2022-23,90.0,2520.0,700.0,36.42,69191.0,Final Kharif Estimates 2022-23,280.0,865,27.0,6.9,107,41,53,Sandy Loam,323,5,1,Co0238
Vehari,2022-23,42.0,1206.0,718.0,17.0,70970.0,Final Kharif Estimates 2022-23,287.2,895,27.2,7.0,110,42,55,Sandy Loam,325,5,1,Co86032
BAHAWALPUR DIV:,2023-24,581.0,21034.4,905.1,235.12,89464.0,Final Kharif Estimates 2023-24,362.04,1700,32.5,8.7,197,74,90,Clay Loam,392,4,0,Co0238
Bahawalnagar,2023-24,26.0,798.7,768.0,10.52,75912.0,Final Kharif Estimates 2023-24,307.2,950,28.1,7.2,120,45,60,Red Soil,330,2,1,Co0238
Bahawalpur,2023-24,47.0,1419.4,755.0,19.02,74627.0,Final Kharif Estimates 2023-24,302.0,950,28.1,7.2,120,45,60,Red Soil,330,2,1,Co0238
Bhakkar,2023-24,103.0,2908.7,706.0,41.68,69784.0,Final Kharif Estimates 2023-24,282.4,880,27.0,7.0,108,41,54,Sandy Loam,324,5,1,Co86032
Chiniot,2023-24,149.0,4565.4,766.0,60.3,75715.0,Final Kharif Estimates 2023-24,306.4,950,28.1,7.2,120,45,60,Red Soil,330,2,1,Co0238
D.G. KHAN DIV:,2023-24,312.0,10372.8,831.15,126.26,82154.0,Final Kharif Estimates 2023-24,332.46,1150,29.5,7.6,135,49,63,Red Soil,345,2,1,Co86032
D.G. Khan,2023-24,15.0,489.0,815.0,6.07,80558.0,Final Kharif Estimates 2023-24,326.0,1020,28.6,7.5,127,47,62,Red Soil,337,2,1,Co0238
FAISALABAD DIV:,2023-24,578.0,17778.2,768.96,233.91,76007.0,Final Kharif Estimates 2023-24,307.584,950,28.1,7.2,120,45,60,Red Soil,330,2,1,Co0238
Faisalabad,2023-24,196.0,6091.7,777.0,79.32,76802.0,Final Kharif Estimates 2023-24,310.8,950,28.1,7.2,120,45,60,Red Soil,330,2,1,Co0238
GUJRANWALA DIV:,2023-24,9.5,186.0,489.37,3.84,48371.0,Final Kharif Estimates 2023-24,195.748,800,26.5,6.8,100,40,50,Sandy Loam,320,5,0,Co0238
GUJRAT DIV:,2023-24,67.5,1653.5,612.42,27.32,60534.0,Final Kharif Estimates 2023-24,244.968,1070,29.1,7.4,132,48,63,Red Soil,342,2,0,CoM0265
Gujranwala,2023-24,0.5,10.6,532.0,0.2,52585.0,Final Kharif Estimates 2023-24,212.8,1050,28.9,7.3,130,48,62,Red Soil,340,2,0,CoM0265
Gujrat,2023-24,6.0,116.2,486.0,2.43,48038.0,Final Kharif Estimates 2023-24,194.4,815,26.6,6.9,102,40,51,Sandy Loam,320,5,0,Co0238
Hafizabad,2023-24,9.0,224.6,624.0,3.64,61679.0,Final Kharif Estimates 2023-24,249.6,820,26.6,6.8,102,40,51,Sandy Loam,321,5,1,Co86032
Jhang,2023-24,165.0,5108.4,774.0,66.77,76505.0,Final Kharif Estimates 2023-24,309.6,950,28.1,7.2,120,45,60,Red Soil,330,2,1,Co0238
Khanewal,2023-24,11.0,352.4,801.0,4.45,79174.0,Final Kharif Estimates 2023-24,320.4,1010,28.5,7.4,126,47,61,Red Soil,336,2,1,Co0238
Khushab,2023-24,12.0,237.1,494.0,4.86,48829.0,Final Kharif Estimates 2023-24,197.6,800,26.5,6.8,100,40,50,Sandy Loam,320,5,0,Co0238
Kot Addu,2023-24,91.0,3163.2,869.0,36.83,85895.0,Final Kharif Estimates 2023-24,347.6,1300,29.8,7.5,140,50,65,Red Soil,350,2,1,Co0238
LAHORE DIV:,2023-24,75.0,1820.9,606.96,30.35,59994.0,Final Kharif Estimates 2023-24,242.78400000000002,1070,29.1,7.4,132,48,63,Red Soil,342,2,0,CoM0265
Lahore,2023-24,0.0,1079.1,574.0,0.0,0.0,Final Kharif Estimates 2023-24,229.6,1070,29.1,7.4,132,48,63,Red Soil,342,2,0,CoM0265
Layyah,2023-24,50.0,1320.0,660.0,20.23,65237.0,Final Kharif Estimates 2023-24,264.0,820,26.6,6.8,102,40,51,Sandy Loam,321,5,1,Co86032
Lodhran,2023-24,8.0,289.9,906.0,3.24,89553.0,Final Kharif Estimates 2023-24,362.4,1700,32.5,8.7,197,74,90,Clay Loam,392,4,0,Co0238
M.B.Din,2023-24,51.0,1281.1,628.0,20.64,62074.0,Final Kharif Estimates 2023-24,251.2,820,26.6,6.8,102,40,51,Sandy Loam,321,5,1,Co86032
MULTAN DIV:,2023-24,45.0,1364.8,758.2,18.21,74944.0,Final Kharif Estimates 2023-24,303.28,950,28.1,7.2,120,45,60,Red Soil,330,2,1,Co0238
Mianwali,2023-24,11.0,301.0,684.0,4.45,67609.0,Final Kharif Estimates 2023-24,273.6,830,26.7,6.8,103,40,52,Sandy Loam,321,5,1,Co86032
Multan,2023-24,4.0,109.9,687.0,1.62,67906.0,Final Kharif Estimates 2023-24,274.8,835,26.8,6.8,104,41,52,Sandy Loam,322,5,1,Co86032
Muzzafargargh,2023-24,44.0,1503.0,854.0,17.81,84413.0,Final Kharif Estimates 2023-24,341.6,1170,29.7,7.7,137,50,64,Red Soil,347,2,1,Co86032
NORTH PUNJAB,2023-24,1039.0,30536.8,734.76,420.47,72627.0,Final Kharif Estimates 2023-24,293.904,915,27.4,7.1,112,43,56,Sandy Loam,327,4,1,CoM0265
Nankana Sahib,2023-24,25.0,667.0,667.0,10.12,65929.0,Final Kharif Estimates 2023-24,266.8,820,26.6,6.8,102,40,51,Sandy Loam,321,5,1,Co86032
Narowal,2023-24,4.0,52.3,327.0,1.62,32322.0,Final Kharif Estimates 2023-24,130.8,920,27.5,7.1,115,43,58,Sandy Loam,328,4,0,Co0238
Okara,2023-24,25.0,1026.0,1026.0,10.12,101414.0,Final Kharif Estimates 2023-24,410.4,1100,30.2,7.8,150,55,70,Clay Loam,360,4,1,CoM0265
PUNJAB,2023-24,1977.0,63308.8,800.57,800.06,79132.0,Final Kharif Estimates 2023-24,320.228,1010,28.5,7.4,126,47,61,Red Soil,336,2,1,Co0238
Pakpattan,2023-24,4.0,90.7,567.0,1.62,56045.0,Final Kharif Estimates 2023-24,226.8,1070,29.1,7.4,132,48,63,Red Soil,342,2,0,CoM0265
Rahim Yar Khan,2023-24,508.0,18816.3,926.0,205.58,91530.0,Final Kharif Estimates 2023-24,370.4,1370,30.7,7.9,147,53,69,Red Soil,357,2,1,Co86032
Rajan Pur,2023-24,112.0,3897.6,870.0,45.32,85994.0,Final Kharif Estimates 2023-24,348.0,1320,29.9,7.6,142,51,66,Red Soil,351,2,1,Co0238
SAHIWAL DIV:,2023-24,37.0,1335.6,902.43,14.98,89200.0,Final Kharif Estimates 2023-24,360.972,1350,30.5,7.9,145,52,68,Red Soil,355,2,1,Co86032
SARGODHA DIV:,2023-24,272.0,7762.6,713.47,110.07,70522.0,Final Kharif Estimates 2023-24,285.38800000000003,890,27.1,7.0,109,42,55,Sandy Loam,325,5,1,Co86032
SOUTH PUNJAB,2023-24,938.0,32772.0,873.45,379.59,86335.0,Final Kharif Estimates 2023-24,349.38,1320,29.9,7.6,142,51,66,Red Soil,351,2,1,Co0238
Sahiwal,2023-24,8.0,218.9,684.0,3.24,67609.0,Final Kharif Estimates 2023-24,273.6,830,26.7,6.8,103,40,52,Sandy Loam,321,5,1,Co86032
Sargodha,2023-24,146.0,4315.8,739.0,59.08,73046.0,Final Kharif Estimates 2023-24,295.6,915,27.4,7.1,112,43,56,Sandy Loam,327,4,1,CoM0265
Sheikhupura,2023-24,3.0,74.8,623.0,1.21,61580.0,Final Kharif Estimates 2023-24,249.2,820,26.6,6.8,102,40,51,Sandy Loam,321,5,1,Co86032
Sialkot,2023-24,5.0,123.0,615.0,2.02,60789.0,Final Kharif Estimates 2023-24,246.0,1070,29.1,7.4,132,48,63,Red Soil,342,2,0,CoM0265
T.T. Singh,2023-24,68.0,2012.8,740.0,27.52,73145.0,Final Kharif Estimates 2023-24,296.0,915,27.4,7.1,112,43,56,Sandy Loam,327,4,1,CoM0265
Vehari,2023-24,22.0,612.5,696.0,8.9,68795.0,Final Kharif Estimates 2023-24,278.4,860,26.9,6.9,106,41,53,Sandy Loam,323,5,1,Co0238
Wazirabad,2023-24,1.5,31.6,527.0,0.61,52091.0,Final Kharif Estimates 2023-24,210.8,1050,28.9,7.3,130,48,62,Red Soil,340,2,0,CoM0265
BAHAWALPUR DIV:,2024-25,618.0,20352.0,823.0,250.09,81380.0,Final Kharif Estimates 2024-25,329.2,1020,28.6,7.5,127,47,62,Red Soil,337,2,1,Co0238
Bahawalnagar,2024-25,31.0,946.0,763.0,12.55,75418.0,Final Kharif Estimates 2024-25,305.2,950,28.1,7.2,120,45,60,Red Soil,330,2,1,Co0238
Bahawalpur,2024-25,50.0,1492.0,746.0,20.23,73738.0,Final Kharif Estimates 2024-25,298.4,915,27.4,7.1,112,43,56,Sandy Loam,327,4,1,CoM0265
Bhakkar,2024-25,105.5,2646.0,627.0,42.69,61975.0,Final Kharif Estimates 2024-25,250.8,820,26.6,6.8,102,40,51,Sandy Loam,321,5,1,Co86032
Chiniot,2024-25,145.0,4478.0,772.0,58.68,76308.0,Final Kharif Estimates 2024-25,308.8,950,28.1,7.2,120,45,60,Red Soil,330,2,1,Co0238
D.G. KHAN DIV:,2024-25,309.0,9061.0,733.0,125.05,72461.0,Final Kharif Estimates 2024-25,293.2,915,27.4,7.1,112,43,56,Sandy Loam,327,4,1,CoM0265
D.G. Khan,2024-25,12.0,305.0,636.0,4.86,62865.0,Final Kharif Estimates 2024-25,254.4,820,26.6,6.8,102,40,51,Sandy Loam,321,5,1,Co86032
FAISALABAD DIV:,2024-25,577.0,17051.0,739.0,233.5,73026.0,Final Kharif Estimates 2024-25,295.6,915,27.4,7.1,112,43,56,Sandy Loam,327,4,1,CoM0265
Faisalabad,2024-25,201.0,5925.0,737.0,81.34,72848.0,Final Kharif Estimates 2024-25,294.8,915,27.4,7.1,112,43,56,Sandy Loam,327,4,1,CoM0265
GUJRANWALA DIV:,2024-25,7.5,149.0,496.0,3.03,49066.0,Final Kharif Estimates 2024-25,198.4,800,26.5,6.8,100,40,50,Sandy Loam,320,5,0,Co0238
GUJRAT DIV:,2024-25,65.0,1619.0,623.0,26.3,61534.0,Final Kharif Estimates 2024-25,249.2,820,26.6,6.8,102,40,51,Sandy Loam,321,5,1,Co86032
Gujranwala,2024-25,0.5,12.0,602.0,0.2,59504.0,Final Kharif Estimates 2024-25,240.8,1070,29.1,7.4,132,48,63,Red Soil,342,2,0,CoM0265
Gujrat,2024-25,6.0,115.0,480.0,2.43,47445.0,Final Kharif Estimates 2024-25,192.0,810,26.5,6.9,101,40,51,Sandy Loam,320,5,0,Co0238
Hafizabad,2024-25,6.0,145.0,606.0,2.43,59899.0,Final Kharif Estimates 2024-25,242.4,1070,29.1,7.4,132,48,63,Red Soil,342,2,0,CoM0265
Jhang,2024-25,157.0,4547.0,724.0,63.53,71563.0,Final Kharif Estimates 2024-25,289.6,910,27.3,7.0,111,42,56,Sandy Loam,326,4,1,CoM0265
Khanewal,2024-25,10.0,318.0,795.0,4.05,78581.0,Final Kharif Estimates 2024-25,318.0,990,28.4,7.3,123,46,61,Red Soil,333,2,1,Co0238
Khushab,2024-25,10.0,211.0,528.0,4.05,52190.0,Final Kharif Estimates 2024-25,211.2,1050,28.9,7.3,130,48,62,Red Soil,340,2,0,CoM0265
Kot Addu,2024-25,91.0,2759.0,758.0,36.83,74924.0,Final Kharif Estimates 2024-25,303.2,950,28.1,7.2,120,45,60,Red Soil,330,2,1,Co0238
LAHORE DIV:,2024-25,63.0,1457.0,578.0,25.5,57163.0,Final Kharif Estimates 2024-25,231.2,1070,29.1,7.4,132,48,63,Red Soil,342,2,0,CoM0265
Lahore,2024-25,38.0,796.0,524.0,15.38,51794.0,Final Kharif Estimates 2024-25,209.6,1050,28.9,7.3,130,48,62,Red Soil,340,2,0,CoM0265
Layyah,2024-25,43.0,1085.0,631.0,17.4,62371.0,Final Kharif Estimates 2024-25,252.4,820,26.6,6.8,102,40,51,Sandy Loam,321,5,1,Co86032
Lodhran,2024-25,9.0,302.0,839.0,3.64,82930.0,Final Kharif Estimates 2024-25,335.6,1160,29.6,7.6,136,49,64,Red Soil,346,2,1,Co86032
M.B.Din,2024-25,52.0,1340.0,644.0,21.04,63656.0,Final Kharif Estimates 2024-25,257.6,820,26.6,6.8,102,40,51,Sandy Loam,321,5,1,Co86032
MULTAN DIV:,2024-25,50.0,1448.0,724.0,20.23,71541.0,Final Kharif Estimates 2024-25,289.6,910,27.3,7.0,111,42,56,Sandy Loam,326,4,1,CoM0265
Mianwali,2024-25,13.0,324.0,624.0,5.26,61679.0,Final Kharif Estimates 2024-25,249.6,820,26.6,6.8,102,40,51,Sandy Loam,321,5,1,Co86032
Multan,2024-25,5.0,117.0,586.0,2.02,57923.0,Final Kharif Estimates 2024-25,234.4,1070,29.1,7.4,132,48,63,Red Soil,342,2,0,CoM0265
Muzzafargargh,2024-25,43.0,1249.0,729.0,17.4,72057.0,Final Kharif Estimates 2024-25,291.6,915,27.4,7.1,112,43,56,Sandy Loam,327,4,1,CoM0265
NORTH PUNJAB,2024-25,1041.0,29251.0,702.0,421.27,69436.0,Final Kharif Estimates 2024-25,280.8,880,27.0,7.0,108,41,54,Sandy Loam,324,5,1,Co86032
Nankana Sahib,2024-25,21.0,556.0,662.0,8.5,65435.0,Final Kharif Estimates 2024-25,264.8,820,26.6,6.8,102,40,51,Sandy Loam,321,5,1,Co86032
Narowal,2024-25,3.0,43.0,362.0,1.21,35782.0,Final Kharif Estimates 2024-25,144.8,920,27.5,7.1,115,43,58,Sandy Loam,328,4,0,Co0238
Okara,2024-25,26.0,1077.0,1036.0,10.52,102402.0,Final Kharif Estimates 2024-25,414.4,1100,30.2,7.8,150,55,70,Clay Loam,360,4,1,CoM0265
PUNJAB,2024-25,2018.0,60112.0,745.0,816.64,73609.0,Final Kharif Estimates 2024-25,298.0,915,27.4,7.1,112,43,56,Sandy Loam,327,4,1,CoM0265
Pakpattan,2024-25,2.0,37.0,457.0,0.81,45172.0,Final Kharif Estimates 2024-25,182.8,920,27.5,7.1,115,43,58,Sandy Loam,328,4,0,Co0238
Rahim Yar Khan,2024-25,537.0,17914.0,834.0,217.31,82436.0,Final Kharif Estimates 2024-25,333.6,1150,29.5,7.6,135,49,63,Red Soil,345,2,1,Co86032
SAHIWAL DIV:,2024-25,34.0,1285.0,945.0,13.76,93384.0,Final Kharif Estimates 2024-25,378.0,1370,30.7,7.9,147,53,69,Red Soil,357,2,1,Co86032
SARGODHA DIV:,2024-25,294.5,7690.0,653.0,119.18,64527.0,Final Kharif Estimates 2024-25,261.2,820,26.6,6.8,102,40,51,Sandy Loam,321,5,1,Co86032
SOUTH PUNJAB,2024-25,977.0,30861.0,790.0,395.37,78055.0,Final Kharif Estimates 2024-25,316.0,1200,31.5,8.1,160,60,75,Alluvial,370,3,0,Co86032
Sahiwal,2024-25,6.0,171.0,712.0,2.43,70377.0,Final Kharif Estimates 2024-25,284.8,890,27.1,7.0,109,42,55,Sandy Loam,325,5,1,Co86032
Sargodha,2024-25,166.0,4509.0,679.0,67.18,67115.0,Final Kharif Estimates 2024-25,271.6,830,26.7,6.8,103,40,52,Sandy Loam,321,5,1,Co86032
Sheikhupura,2024-25,4.0,105.0,655.0,1.62,64743.0,Final Kharif Estimates 2024-25,262.0,820,26.6,6.8,102,40,51,Sandy Loam,321,5,1,Co86032
Sialkot,2024-25,4.0,93.0,584.0,1.62,57725.0,Final Kharif Estimates 2024-25,233.6,1070,29.1,7.4,132,48,63,Red Soil,342,2,0,CoM0265
T.T. Singh,2024-25,74.0,2102.0,710.0,29.95,70179.0,Final Kharif Estimates 2024-25,284.0,890,27.1,7.0,109,42,55,Sandy Loam,325,5,1,Co86032
Taunsa,2024-25,120.0,3662.0,763.0,48.56,75418.0,Final Kharif Estimates 2024-25,305.2,950,28.1,7.2,120,45,60,Red Soil,330,2,1,Co0238
Vehari,2024-25,26.0,710.0,683.0,10.52,67510.0,Final Kharif Estimates 2024-25,273.2,830,26.7,6.8,103,40,52,Sandy Loam,321,5,1,Co86032
Wazirabad,2024-25,1.0,18.0,461.0,0.4,45567.0,Final Kharif Estimates 2024-25,184.4,920,27.5,7.1,115,43,58,Sandy Loam,328,4,0,Co0238
